id,text,user_id,pre_lab
1124642181896077312,"""Werner Baumann ist so etwas wie der Martin Schulz der deutschen Wirtschaft ‚Äì ein grotesk Abst√ºrzender. Der Bayer-V‚Ä¶ https://t.co/DVdNW16Ipc",12028352,0
1124638566414467072,"@SenaJulya @PassiValerio @christianxxx1 @dos_meninos @transexclub geiler Arsch, spritzt du auch sch√∂n, wenn man die‚Ä¶ https://t.co/3HAopBujGG",1035457963111186432,0
1124630483990663169,@fabigumPEYT @OrtLeit @HoxAtBox @SnowOwlem DEUTSCHE MARKENBUTTER,722739762117914624,0
1124644312589983744,"Wenn man unterwegs ist, kommt es einem vor als g√§be es nur noch Idioten.",40921834,0
1124636444096696321,"Echt schade, wie offensiv das hier gerade abl√§uft. Das stimmt nicht. Ich bin als Kandidatin in der derzeitigen Ausg‚Ä¶ https://t.co/t6h2OYPJ6v",1568176584,0
1124636523788406784,RT @Ulrik_von: @spdberlin @gabischoff @RaedSalehBerlin Das neue Logo ist auch schon fertig. https://t.co/BZeIk9yBzf,195997863,0
1124635995310309376,"@LagerfeldKurt @Michael_Leh Stimmt, das hat der Kaiser nicht verdient, ihm waren die Deutschen niemals so egal wie Merkel.",880111404698742785,0
1124643511503151104,Sowas von l√§cherlich. Schei√ü @polizei_nrw_bo,898560834066149376,0
1124639967291039745,@schwartz_ht @internetbazi @KulierJarolina Ist Dein bester Freund auch so 1 Hurensohn wie der Bazi?,41794502,0
1124638256031834112,"RT @glitzeratom: Nichts hasse ich so sehr wie andere M√ºtter, die sich in ihrer Selbsterh√∂hung suhlen. Jedes Kind tickt anders. Es gibt nich‚Ä¶",2584240716,0
1124657889581387781,@muskeljesus Die Linken sind eh alles Terroristen!,504847571,0
1124655490439553025,@bnjmnhg Arsch üòÇüòÇüòÇ,1106972025241899008,0
1124654425052782592,RT @felix_bohr: An der Feldherrnhalle  in #Muenchen hatten die Nazis 1933 ein Ehrenmahl f√ºr den Putschversuch 1923 errichtet. Die Vor√ºberge‚Ä¶,58973463,0
1124659860887547904,"@Mic_Sander @weltsichtig Ich hatte als Jugendlicher auch eine gr√ºne Phase, wie jeder, das ist alterstypisch - norma‚Ä¶ https://t.co/RXzKcC4zC1",18722806,0
1124653598804271105,RT @priv_girl: Fr√∂hliches nationalit√§tenraten ist mal wieder angesagt; wie degeneriert kann man sein? Pack! https://t.co/rAwrcxrw6r,1460305189,0
1124646594282958848,Deutsche k√∂nnen alles,868478327622950913,0
1124649878456500224,"Ja, ich bin fett aber intelligender als du, denn ich muss andere nicht beleidigen...
du St√ºck Schei√üe!",1030836102675013632,0
1124649886832574466,RT @SomeXT: Merkels Migrationspolitik hat schon mehr Opfer gefordert als die supergef√§hrliche Kernkraft vor der sie uns gerettet hat..,522645008,0
1124649362540376064,"RT @phenome71810818: in Zwickau ist das ""Maas"" voll, hunderte B√ºrger ""verjagten"" Heiko Maas aus der Stadt. Er fl√ºchtete mit quietschenden R‚Ä¶",4077198928,0
1124644954335264768,"Schlagabtausch zwischen Schulz und Gauland ‚ñ∫ ,,Das ist nicht mein Niveau https://t.co/LApAeP49v5",1085885415708602369,0
1124742656461037569,"RT @claudiarenners: Schon wieder Fl√ºchtlingskriminalit√§t und alle Linken,m Gr√ºnen, Gutmenschen und DCUler schweigen eisern....hamm mer nit‚Ä¶",1121393961522860032,0
1124737992365694976,"RT @DrPhiloponus: Deutsche Einm√§rsche hui, deutsche Einmischung pfui. https://t.co/BXeSWVgxNs",877842343877103616,0
1124742937475198976,"RT @MetalGod1975: Ich sehe √ºberall Nazis üôÑ
Ich sehe nur dumme Menschen üò†
Wer nimmt die Stiftung mit ihren f√ºr mich offenkundig  empfundenen‚Ä¶",720809947,0
1124744598419537920,RT @Persia_Warrior: Allein dieses Bild zeigt die Stellung von Frauen im Islam. https://t.co/GiJIjGGrWk,898308047566770176,0
1124744715868549121,Die Bigotterie von Gr√ºnen ist kaum aushaltbar. FCK NAZIS auf den Plakaten aber neben ihnen Stehen und Flyer verteil‚Ä¶ https://t.co/D2SoJv7zU0,133775557,0
1124742484477861888,"Maaaaannnn! So dumm! Ein Unentschieden bringt beiden Mannschaxtdn nichts auf dem Weg zu ihren Zielen!üíõüñ§

#SVWBVB",785492147248238592,0
1124749757392531456,RT @NebelNiek: Der Kopf will schlafen üò¥üõèÔ∏èüåô aber der arsch üçë.. will kacken üòîüôèüèªüí©,63989219,0
1124743692454113280,Ich sehe schon das dumme arrogante Grinsen der Bayernspieler vor meinem geistigen Auge. Die lachen sich gerade tot‚Ä¶ https://t.co/FvP3Reqgp3,2383752444,0
1124743960885387266,@SPORT1_Dopa Wie w√§r's wenn ihr diesen Idioten im K√∂lner Keller nicht noch mehr B√ºhne gibt und diese absolute Willk‚Ä¶ https://t.co/3m5HKjxiLp,766981741491945472,0
1124778240940433408,"RT @brankoo6: @COMPACTMagazin m.- b√ºrgermeister ab w√§hlen und dann entsorgen ,in das schlauchboot setzen wo die anderen idioten stehen und‚Ä¶",933167783931768832,0
1124780195477622790,vallah billah ich bin nicht so eine 2 minuten sp√§ter postet sie bild wo sie arsch f√ºr likes pr√§sentiert hahaha,1123855884592013312,0
1124774809978703874,@skimacher Motor ist im Arsch,988854725234843648,0
1124779016865632258,@Lil_Juri der sieht aus wie ein hurensohn,1082109770608320513,0
1124766547195592712,"@destandaard Schwarz, gelb, rot ... Und vor
blau. Was f√ºr ein dreck.",1105902302655889408,0
1124770884101787648,"RT @zuckerbienchen_: Bin kurz vor den 2.222 Followern!

Ein paar von euch k√∂nnen sich jetzt schon mal ausziehen und mir dann ihre Nudes sch‚Ä¶",1864831999,0
1124774126328193030,"RT @pu_zucker: Wieviele Nazis braucht man um eine Gl√ºhbirne zu wechseln?

Keinen, niemand braucht Nazis.",171845093,0
1124767612557250560,Dieser Moment wenn ich meinem Crush snaps von mir schicken will HAHAHAHHAHA SCHEISSE WINO LASS ES SEIN ICH BIN NICH‚Ä¶ https://t.co/9dWIY7KGoe,985570673371336704,0
1124777494345920513,RT @Zar2001doz: @ZDFheute Nach #WirSindM√§√§√§h H√ºpfen im Gleichschritt und gr√ºn gegreteltem Z√∂pfchen-Populismus ist der B√ºrger weichgeklopft‚Ä¶,3021396784,0
1124777091692580864,"also jetzt halt
fr√ºher nicht",2717960459,0
1124769575491571712,"RT @Heiko31086906: Deutschland und die Deutschen sind  schei√üe, alles schei√üe, alles Nazis.
Warum sei ihr dann in diesem unser Land!
Richte‚Ä¶",1107326828,0
1124809215837659138,Gabriel Effgen https://t.co/sRJy4zRlOU,87743630,0
1124796846835163141,@afternoonsand @Acosta Seik heilp for your l√ºgenpresse bullshit.,16480931,0
1124809878546128897,RT @ChanMachtSo: SCHMERZEN!!!! Au!!! Mein Gehirn!!! Auuuuuu!!!!!!! https://t.co/AFVG5hQCfA,3306422009,0
1124797832504987654,"@Maskulinist @IQ_Stimulator Aber er scheint sie nicht als Nazis zu erkennen, sondern ist auf ihre Propaganda reinge‚Ä¶ https://t.co/8QX1h2gLRB",1101281002700398598,0
1124808054032207873,"RT @krippmarie: Kanzlerin #Merkel sagt Niger Hilfe im Kampf gegen Instabilit√§t zu

Sie verteilt nach dem Gie√ükannenprinzip deutsche Steuerg‚Ä¶",1110948602589921280,0
1124590520645214208,"Rohstoffbrief: #Fresnillo, der gr√∂√üte #Silberproduzent der Welt, lieferte schwache Q1-Zahlen ab. Die Analysten glau‚Ä¶ https://t.co/lJhysxdV81",2657706462,0
1124588205414723584,"RT @Frolleinvommeer: ‚ÄûWarum dauert das denn so lange?!?‚Äú
Eine Frage, die man in der Apotheke h√§ufiger mal h√∂rt.
Ich versuche meist parallel‚Ä¶",2203768742,0
1124590256408420353,"Und diese fucking nagelneuen wei√üen, gl√§nzenden Kacheln. Dagegen sehen die schei√ü lackierten gelblich aus. Ich w√ºns‚Ä¶ https://t.co/MIwueRZZ2u",57755120,0
1124599399982751747,@Hartmantelgesc1 @MiriamOzen @Anemalon19 @tagesschau Die merken schon lange nichts mehr! Die werden rot wenn sie au‚Ä¶ https://t.co/Gxa5649VGW,2417411672,0
1124589283346501632,"Die deutschen Politiker sind den Islamisten ausgeliefert, Punkt",1132857990,0
1124588570306600961,"RT @Frolleinvommeer: ‚ÄûWarum dauert das denn so lange?!?‚Äú
Eine Frage, die man in der Apotheke h√§ufiger mal h√∂rt.
Ich versuche meist parallel‚Ä¶",86692782,0
1124588582876975104,"@_stillesWasser Es kann so einfach sein 

NixBsonders",929624830252666880,0
1124596350736392192,RT @pharaotom: Ich w√ºnschte mein Arsch w√ºrde so gefickt werden ... https://t.co/1MjRkSbtsI,1071152919939026945,0
1124586796111880193,"RT @dr_veterinaer: wir warten doch alle nur auf den menschen, der dir nach dem duschen das handtuch reicht.

und dann zur√ºck zieht und grin‚Ä¶",3052855107,0
1124586875795189761,"Jeder erfindet sein eigenes Scheinleben
Wie viel Mut brauchst du f√ºr den Schei√ü, den du dir einredest?",734355373159813120,0
1124895396218724353,@FunkhausZorra @PolitikStandard Hat Hitler hat auch gesagt.,963031213,0
1124896608393539584,"RT @DaRaschi: In Zwickau ist das ""Maas"" voll, hunderte B√ºrger ""verjagten"" den Bundesjustizminister Heiko Maas aus der Stadt. Er fl√ºchtete m‚Ä¶",2426920121,0
1124699102774726656,ABSCHAUM ‚Ä¶ https://t.co/CARbSUUHp6,982012325543718913,0
1124693755053903872,"RT @Frolleinvommeer: ‚ÄûWarum dauert das denn so lange?!?‚Äú
Eine Frage, die man in der Apotheke h√§ufiger mal h√∂rt.
Ich versuche meist parallel‚Ä¶",717055079841398785,0
1124691339126484992,@pjakobs Am Ende sind wir doch alle Afrikaner. Ja ist schon schwierig das deutsche Gen zu isolieren. :),2914627923,0
1124696451983052800,Derecho y cine: Fahrenheit 451 ---&gt; https://t.co/X0pXPmpo11,808419561498443780,0
1124704018503294976,Brak &gt; Rothen,749243759540535296,0
1124704433747779584,"@OwitschDer Ich hab es im Nachhinein bereut, als er herkam und fragte meint ihr mich. Ich hab einfach nur dumm gean‚Ä¶ https://t.co/hRSfieYMzP",760275797856882690,0
1124698624632545281,"""Ach schei√ü FridaysforFuture! Die sollen erstmal lernen gehen! Alles ungebildete Schulschw√§nzer da. Alle dumm""
... *schnauft genervt*",2998661512,0
1124782057731837952,"RT @phenome71810818: in Zwickau ist das ""Maas"" voll, hunderte B√ºrger ""verjagten"" Heiko Maas aus der Stadt. Er fl√ºchtete mit quietschenden R‚Ä¶",768804854634471424,0
1124793764046823424,Araujo &gt; Feltscher,60778703,0
1124788131088171009,@JanMod_ @elrobtossohn @Gitarre3 Boah bist du dumm,1094161344784404481,0
1124791234890014720,@SPORT1_Dopa @SPORT1 Es fehlt einfach ein Tuchel oder ein Nagelsmann dann schnei√ü den Aki raus irgendwie ist er auch nicht mehr der richtige,813103881878208512,0
1124786574997245953,RT @ZDFheute: √úber 12.000 Rechtsextremisten in #Deutschland werden als gewaltorientiert eingesch√§tzt. Das Innenministerium zeigt sich alarm‚Ä¶,1081623285002104834,0
1124787669714649088,"FixiFoxy - Macht euch einfach selbst ein Bild von mir und schreibt mich an und dann sehen wir einfach, wo das hin f‚Ä¶ https://t.co/VEIp04rNhv",2595203312,0
1124792304433287168,Gabriel morreu,3297899041,0
1124833458914844672,"RT @EichholtzAlex: 21.Jahrhundert, die Ismen krauchen aus ihren L√∂chern. Nazis in Dortmund hetzen gegen Juden, Islamisten morden aus ihren‚Ä¶",1029099774778200064,0
1124832699749945345,"RT @den_tyske: ... gibt es wirklich noch Idioten die denken, dass sich der Islam bzw. Muslime domestizieren lassen, geschweige denn integri‚Ä¶",728988972790235137,0
1124829793126682629,"RT @PRINCESS_TSNINA: @MinipimmelL Halt einfach Deine Fresse Du Zeitfresser und Nichtzahler, Dich liest man √ºberall nur negativ #timewaster‚Ä¶",1045845762649870336,0
1124830652942245889,@BILD Sie meisten Gr√ºnen sind Alkoholiker.,736876596401954816,0
1124830476793991169,Verleiht der Rock den Frauen mehr Weiblichkeit?#Dennsiewissennichtwaspassiert https://t.co/2PlegHOqDV,541802505,0
1124811342366613504,@KonataPlayz Same einfach :(,1061956826940563456,0
1124817059215548417,"RT @Frolleinvommeer: ‚ÄûWarum dauert das denn so lange?!?‚Äú
Eine Frage, die man in der Apotheke h√§ufiger mal h√∂rt.
Ich versuche meist parallel‚Ä¶",834113871937994753,0
1124821387707912193,"Ich war angetrunken, es baut sich mittlerweile ab, aber ich m√∂chte eine Umarmung bitte umarmt mich doch einfach :((",1037410720693080066,0
1124811933780201472,@Chr_Rath Kriegsverbrecher werden standrechtlich erschossen. Eine Kugel reicht f√ºr diese Idioten. Alternativ: Knies‚Ä¶ https://t.co/qcouBJ9NO2,2899557351,0
1124842568972288000,"Der Bass ist tief, die Atmosph√§re sehr entspannt. Ich habe ziemlich dicke Eier und nen steifen harten Schwanz!",745731355514896384,0
1124851469260394496,Volkswagen Gabriel St-Laurent. https://t.co/fn0RU41OMY,212281426,0
1124844213110235137,"#Gabriel: Das h√§tte ich nicht von S. Gabriel erwartet, dass er auf Kevin K√ºhnert herumhackt. Schlie√ülich hat der Ju‚Ä¶ https://t.co/BJuH4TqcOK",147196580,0
1124582043944398848,"Islam hei√üt √ºbersetzt, zur√ºck ins Mittelalter",4726559595,0
1124583923013627904,@subversivaktiv @erkanallesffm Geh zur√ºck ins Loch.  DUMMES Individuum.,1044596332013539329,0
1124569804990570496,"@KestnerJens Kollege was ist mit dir nicht richtig,das ist die Kultur von dem Land.
Das hat nichts mit dem islam zum tun.",906877247105236994,0
1124580332672434177,"@dwarfplanet Immer der, der dumm fragt.",3052855107,0
1124576301963255810,"RT @blog_fefe_de: Wisst ihr, was wir schon lange nicht mehr hatten? Einen kraftvollen Firefox-Fuckup!V√∂llig unvorhergesehen und √ºberraschen‚Ä¶",800967760989880321,0
1124567267415613441,@darthtoastbrot Ekelhaft! Brauner Abschaum!,865889097285607424,0
1124565400950386688,"RT @Frolleinvommeer: ‚ÄûWarum dauert das denn so lange?!?‚Äú
Eine Frage, die man in der Apotheke h√§ufiger mal h√∂rt.
Ich versuche meist parallel‚Ä¶",191897584,0
1124627099174756352,"@iMarioR @wahlborn @iKnowReview @BlackPantherRav @LemmysTechKiste Samsung ist das Image einfach schei√ü egal, solang‚Ä¶ https://t.co/U7vPyBVaJG",418963074,0
1124617385175134208,@Golzheimer Das ist das Resultat Merkel Deutschland Europa Welt Politik/Merkel kassierte Milliarden f√ºr Aufbau der‚Ä¶ https://t.co/q2smFXJmoE,2374991616,0
1124614994400878592,"RT @Frolleinvommeer: ‚ÄûWarum dauert das denn so lange?!?‚Äú
Eine Frage, die man in der Apotheke h√§ufiger mal h√∂rt.
Ich versuche meist parallel‚Ä¶",1161017612,0
1124629527660060672,"@HolgerEwald1 @China_Welt_News Seh ich genauso. Doch nicht nur K√ºhnert, von den Gr√ºnen ist kein einziger koscher!",3240913768,0
1124615845844590593,"RT @KolnRecherche: Ist der Oberb√ºrgermeister von #Mettmann eigentlich schon zur√ºck getreten?  Der hat ja den Aufmarsch sowie die ""Ortsgrupp‚Ä¶",1944193194,0
1124735085729730565,"@ichbinschoener @echo_pbreyer @szagunn F√ºr Freigabe von Drogen sind die Gr√ºnen auch schon lange nicht mehr, stimmt's? ;-)",966167528,0
1124730123876478976,Mir f√§llt auf wie oft ich einfach shcin Konfermation anstatt Konfirmation geschrieben hab wie dumm bin ich eigentlich,1000055828395806721,0
1124730765596557317,#Merkel #ZDF #ARD #SPD #Gr√ºne #FPD #CDU haben Deutschland zerst√∂rt. Warum wird dieser Abschaum nicht unverz√ºglich a‚Ä¶ https://t.co/vGBgmoihOO,992898164993687552,0
1124734167194001408,RT @Brehm25502987: @tagesschau Und alle wollen teilhaben am Sozialen System von Deutschland. https://t.co/wFbBIv62Ri,300423016,0
1124728806839922688,"Erst #Merkel, dann Amri, jetzt Habeck. 
Alle wurden/werden falsch eingesch√§tzt. Immer mit fatalen Folgen. 

https://t.co/gJfeak98DA",859497283146199043,0
1124731994544529408,"RT @Priiizzyy: *w√§hrend klausur*

ich: ok erste aufgab..

gehirn *denkt an ein song oder beat*

ich: junge du hurensohn
*konzentriere mich*‚Ä¶",907321688047718400,0
1124874839926476800,"RT @Heiko31086906: Deutschland und die Deutschen sind  schei√üe, alles schei√üe, alles Nazis.
Warum sei ihr dann in diesem unser Land!
Richte‚Ä¶",885838581524201472,0
1124717616461963265,"Mit dem R√ºcken zur Wand schafft Higgins es mit einem #Z√§ntschurie zum Decider! Come on, John! üëèüèº #147sf",1018137181355900929,0
1124706597995974656,@EuropeanStrate1 Merken Sie √ºberhaupt wie dumm und dreist sie sind? Was interessiert ein paar radikale Imame die 99‚Ä¶ https://t.co/mlTsrCRT4a,2331015068,0
1124706631575535617,@AfD_Hamburg Boah seid ihr dumm! Schei√ü Afd schei√ü nazis! Verpisst euch einfach!,912068743018229760,0
1124719860393676805,"RT @deutsch365: üá©üá™üá©üá™‚ÄºÔ∏è In Zwickau war das ""Maas"" voll, hunderte B√ºrger ""verjagten"" den Bundesjustizminister Heiko Maas aus der Stadt‚ÄºÔ∏èüá©üá™üá©üá™‚Ä¶",72823780,0
1124707424278020099,"@Thomas_Bareiss @welt Ein weiterer Politiker, der denkt, er wisse mehr als die Experten. Ich hoffe, Sie fahren nebe‚Ä¶ https://t.co/Lx3pB0sHQ1",902413028,0
1124720233716097025,"@SPIEGELONLINE Um Trumps Arsch hoch zu hieven, bedarf es nur einiger Knallfr√∂sche. Das versteht er.",4209688575,0
1124713216641249280,RT @deutsch365: üí•üí•üí• In Afrika wird der Islam wie vor 1.400 Jahren mit Gewalt verbreitet. Die weltweite Expansion des Islam ist scheinbar un‚Ä¶,1104314573132386304,0
1124708401555091456,"Fettes Brot - Seit ""Nordisch by Nature"" eine deutsche Hip-Hop Legende, nun zur√ºck mit neuem Album ""Lovestory"". M√∂gt‚Ä¶ https://t.co/pIvBEmVC1q",1048307905,0
1124763820889657344,"Moment. Sein Gesicht ist ihr zugewandt, und zeitgleich sieht sie seinen R√ºcken und seinen Hintern? Was ist der Typ,‚Ä¶ https://t.co/x37JHD7Mmf",1090195688825253890,0
1124758036957007873,"RT @nicosemsrott: Wie es sich f√ºr eine 2-Prozent-Partei geh√∂rt, haben wir als @DiePARTEI einfach mal den gr√∂√üten Wahlkampfauftakt von allen‚Ä¶",1861952875,0
1124754148845662212,Mein Weg zur√ºck ins Leben: Die Eier des H√ºhnchens und der Speck des Schweinch... https://t.co/nbJPGls6xP,14784131,0
1124756510217781248,@hornyturkgerman Was f√ºr ein Hammer arsch üòçüòçüòç,2172937203,0
1124764278077235201,@shoutoutxobella @Ryulayy Halt deine Fresse du Hurensohn,1084840182040481792,0
1124761807623790593,"Arabische Staaten m√ºssen wirtschaftlich in den Arsch gefickt und im schlimmsten Fall gest√ºrzt werden, das ist abartig.",1082028830179627008,0
1124757353306447874,"RT @Frolleinvommeer: ‚ÄûWarum dauert das denn so lange?!?‚Äú
Eine Frage, die man in der Apotheke h√§ufiger mal h√∂rt.
Ich versuche meist parallel‚Ä¶",282480010,0
1124751359633436674,@Final_Ace_ Weil du dumm bist. :|,870322251756916737,0
1124758682867326977,"RT @lukaschenkaver1: @nigromontanus_ Belgien halt schon immer richtiger failed state, siehe Dutroux und Bande von Brabant",922854130510647298,0
1124600922510954496,DWD -&gt; WARNLAGEBERICHT f√ºr Deutschland¬†‚Äì https://t.co/oDGEQWCLEK,55818616,0
1124602239518167042,"RT @helllud123: @tagesschau @FuenferPasch In Deutschland existiert keine Meinungsfreiheit mehr - wer nicht links ist, wird von Linken als N‚Ä¶",851629999,0
1124606891009515526,"Die Welt ist einfach bunter/
Ich sehe einfach Farben jetzt/
Du bist nicht mehr da, und jetzt sind alle Farben weg/",3382956076,0
1124610074507223044,Neue deutsche Regierung kommt‚ÄîMerkels Tage sind gez√§hlt! https://t.co/jZPU05k8N8,1085885415708602369,0
1124610653329723392,@FussiRud @efganidoenmez Schei√ü Abschaum was bilden die sich ein!,4449739882,0
1124613094406225920,"@LemmysTechKiste @iKnowReview @BlackPantherRav H√∂rt, h√∂rt!",984321999110537216,0
1124603678202179585,@LandkaufHalina @mariomayl @welt er denkt sich da ist noch mehr zuholen !! es ist schon toll wie Merkel u. Co die S‚Ä¶ https://t.co/ORPEdOK1Ab,3002932877,0
1124673584645967873,@BowserOfs @CaptainA_01 @Sephyr_ Yoshi w√§re halt schon fett üôáüèΩ‚Äç‚ôÄÔ∏è,2350505238,0
1124664474634457089,"@KreuzAcht AfD und die Bandidos, eine verschworenes, rechtsextremes Pack.",1101433198737788928,0
1124662742366019586,"RT @Frolleinvommeer: ‚ÄûWarum dauert das denn so lange?!?‚Äú
Eine Frage, die man in der Apotheke h√§ufiger mal h√∂rt.
Ich versuche meist parallel‚Ä¶",2825049264,0
1124668299843969024,@HSV Wolf halts Maul und verpiss dich,1094301516457000960,0
1124688268900147206,RT @burger_ein: Bew√§hrungsstrafe f√ºr  Schwarzafrikanischen Asyltouristen der eine junge Deutsche auf Kirchentreppe vergewaltigt hat https:/‚Ä¶,4646349136,0
1124683978148130816,"RT @_donalphonso: Wir Linken im Westen dachten, dass die Wahrheit √ºber die DDR auf halbem Weg zwischen Strauss und Mielke liegen m√ºsste. Mi‚Ä¶",3297087761,0
1124675518211788800,Is das f√ºrn schei√ü?!,1063189575860920320,0
1124680824023076864,Der Kopf will schlafen üò¥üõèÔ∏èüåô aber der arsch üçë.. will kacken üòîüôèüèªüí©,2399235733,0
1124681214093418497,@MarieSkyler13 Geiler Arsch,898925529935618049,0
1124683571300577281,"RT @nicosemsrott: Wie es sich f√ºr eine 2-Prozent-Partei geh√∂rt, haben wir als @DiePARTEI einfach mal den gr√∂√üten Wahlkampfauftakt von allen‚Ä¶",1023853112912760833,0
1124686842840981505,"Heute nichts neues, keine L√ºgen, nichts √ºber das gr√∂√üte Arschloch der Welt?",2329717605,0
